Cidade,Regiao
Rio Branco,Norte
Campinas,Sudeste
Seropédica,Sudeste
Brasília,Centro-Oeste
Fortaleza,Nordeste
Rio de Janeiro,Sudeste
Dourados,Centro-Oeste
Sinop,Centro-Oeste
Campina Grande,Nordeste
Maceió,Nordeste
Macapá,Norte
Manaus,Norte
Belém,Norte
Santo Antônio de Goiás,Centro-Oeste
Brasília,Centro-Oeste
Sobral,Nordeste
Brasília,Centro-Oeste
Pelotas,Sul
Colombo,Sul
Campo Grande,Centro-Oeste
Juiz de Fora,Sudeste
Brasília,Centro-Oeste
São Carlos,Sudeste
São Luís,Nordeste
Cruz das Almas,Nordeste
Jaguariúna,Sudeste
Teresina,Nordeste
Sete Lagoas,Sudeste
Corumbá,Centro-Oeste
Bagé,Sul
São Carlos,Sudeste
Palmas,Norte
Brasília,Centro-Oeste
Porto Velho,Norte
Boa Vista,Norte
Petrolina,Nordeste
Londrina,Sul
Rio de Janeiro,Sudeste
Concórdia,Sul
Aracaju,Nordeste
Campinas,Sudeste
Passo Fundo,Sul
Bento Gonçalves,Sul